{"cameraMode":{"drawMode":0,"name":"Shaded","section":"Shading Mode"},"sceneLighting":false,"audioPlay":false,"sceneViewState":{"showFog":true,"showMaterialUpdate":false,"showSkybox":false,"showFlares":true,"showImageEffects":true,"showParticleSystems":true},"in2DMode":false,"pivot":{"x":-0.16899999976158143,"y":1.8650000095367432,"z":-0.23600000143051148},"rotation":{"x":-0.2618938684463501,"y":-0.18770992755889893,"z":0.05243435502052307,"w":-0.9454527497291565},"size":0.7500389218330383,"orthographic":false}