{"cameraMode":{"drawMode":0,"name":"Shaded","section":"Shading Mode"},"sceneLighting":true,"audioPlay":false,"sceneViewState":{"showFog":true,"showMaterialUpdate":false,"showSkybox":true,"showFlares":true,"showImageEffects":true,"showParticleSystems":true},"in2DMode":false,"pivot":{"x":-27.62824821472168,"y":-38.149742126464847,"z":-46.64167785644531},"rotation":{"x":0.08404471725225449,"y":-0.9155040383338928,"z":0.2985767424106598,"w":0.25707051157951357},"size":68.72286224365235,"orthographic":false}