{"cameraMode":{"drawMode":0,"name":"Shaded","section":"Shading Mode"},"sceneLighting":false,"audioPlay":false,"sceneViewState":{"showFog":true,"showMaterialUpdate":false,"showSkybox":false,"showFlares":true,"showImageEffects":true,"showParticleSystems":true},"in2DMode":false,"pivot":{"x":-0.37932389974594118,"y":1.869017243385315,"z":-0.29566532373428347},"rotation":{"x":0.04739236831665039,"y":0.615614116191864,"z":-0.03725742921233177,"w":0.7859729528427124},"size":0.15003889799118043,"orthographic":false}